Date,Close,Open,Low,High,Volume
2022-08-22,21398.908203125,21531.462890625,20939.18359375,21531.462890625,31666498758
2022-08-23,21528.087890625,21401.044921875,20955.138671875,21646.203125,31878280659
2022-08-24,21395.01953125,21526.455078125,21195.005859375,21783.076171875,31962253368
2022-08-25,21600.904296875,21395.458984375,21362.44140625,21789.63671875,31028679593
2022-08-26,20260.01953125,21596.0859375,20199.482421875,21804.908203125,42326789564
2022-08-27,20041.73828125,20262.48046875,19890.5234375,20340.775390625,30116729776
2022-08-28,19616.814453125,20041.03515625,19616.814453125,20139.0546875,24366810591
2022-08-29,20297.994140625,19615.154296875,19600.78515625,20357.462890625,32637854078
2022-08-30,19796.80859375,20298.611328125,19617.640625,20542.64453125,34483360283
2022-08-31,20049.763671875,19799.58203125,19799.58203125,20420.990234375,33225232872
2022-09-01,20127.140625,20050.498046875,19653.96875,20198.390625,30182031010
2022-09-02,19969.771484375,20126.072265625,19814.765625,20401.568359375,29123998928
2022-09-03,19832.087890625,19969.71875,19698.35546875,20037.009765625,23613051457
2022-09-04,19986.712890625,19832.470703125,19636.81640625,19999.689453125,25245861652
2022-09-05,19812.37109375,19988.7890625,19673.046875,20031.16015625,28813460025
2022-09-06,18837.66796875,19817.724609375,18800.171875,20155.26953125,43403978910
2022-09-07,19290.32421875,18837.68359375,18644.466796875,19427.171875,35239757134
2022-09-08,19329.833984375,19289.94140625,19076.71484375,19417.3515625,32194477850
2022-09-09,21381.15234375,19328.140625,19310.962890625,21439.41015625,48469528171
2022-09-10,21680.5390625,21376.912109375,21168.72265625,21760.275390625,36913738894
2022-09-11,21769.255859375,21678.54296875,21406.9453125,21770.552734375,34493951963
2022-09-12,22370.44921875,21770.1484375,21603.896484375,22439.181640625,50212088965
2022-09-13,20296.70703125,22371.48046875,20062.669921875,22673.8203125,51091116622
2022-09-14,20241.08984375,20184.5546875,19793.396484375,20467.201171875,37872380889
2022-09-15,19701.2109375,20242.2890625,19636.734375,20318.166015625,36389011503
2022-09-16,19772.583984375,19704.005859375,19400.076171875,19870.62890625,30123362273
2022-09-17,20127.576171875,19777.033203125,19777.033203125,20162.53125,24957448100
2022-09-18,19419.505859375,20127.234375,19387.4921875,20127.234375,31254779144
2022-09-19,19544.12890625,19418.572265625,18390.318359375,19639.48046875,40177002624
2022-09-20,18890.7890625,19545.591796875,18813.455078125,19602.45703125,36791346508
2022-09-21,18547.400390625,18891.283203125,18290.314453125,19674.630859375,46363793975
2022-09-22,19413.55078125,18534.650390625,18415.591796875,19456.91015625,41135767926
2022-09-23,19297.638671875,19412.400390625,18617.552734375,19464.671875,38896078052
2022-09-24,18937.01171875,19296.990234375,18861.974609375,19310.197265625,26149643168
2022-09-25,18802.09765625,18936.310546875,18696.46875,19134.732421875,23359966112
2022-09-26,19222.671875,18803.900390625,18721.28515625,19274.873046875,44148798321
2022-09-27,19110.546875,19221.83984375,18915.66796875,20338.455078125,58571439619
2022-09-28,19426.720703125,19104.62109375,18553.296875,19688.34375,53071298734
2022-09-29,19573.05078125,19427.779296875,18924.353515625,19589.265625,41037843771
2022-09-30,19431.7890625,19573.431640625,19265.662109375,20109.849609375,43975248085
2022-10-01,19312.095703125,19431.10546875,19231.08203125,19471.154296875,18719537670
2022-10-02,19044.107421875,19311.849609375,18970.62109375,19370.30859375,20765955327
2022-10-03,19623.580078125,19044.068359375,19025.2265625,19653.54296875,30484729489
2022-10-04,20336.84375,19623.583984375,19523.83984375,20380.34375,35887278685
2022-10-05,20160.716796875,20335.900390625,19801.80078125,20343.748046875,33223790572
2022-10-06,19955.443359375,20161.0390625,19900.087890625,20408.392578125,34711412966
2022-10-07,19546.849609375,19957.55859375,19395.79296875,20041.0859375,29227315390
2022-10-08,19416.568359375,19546.328125,19299.4140625,19601.6953125,16437423167
2022-10-09,19446.42578125,19417.478515625,19349.259765625,19542.5390625,16837262532
2022-10-10,19141.484375,19446.416015625,19102.978515625,19515.466796875,27425022774
2022-10-11,19051.41796875,19139.0,18925.603515625,19241.9609375,28711532910
2022-10-12,19157.4453125,19052.646484375,19029.7578125,19203.19921875,24950173846
2022-10-13,19382.904296875,19156.966796875,18319.822265625,19453.328125,44219840004
2022-10-14,19185.65625,19382.533203125,19115.408203125,19889.146484375,38452356727
2022-10-15,19067.634765625,19185.4375,19019.25,19212.541015625,16192235532
2022-10-16,19268.09375,19068.9140625,19068.9140625,19389.603515625,17988916650
2022-10-17,19550.7578125,19268.5625,19173.333984375,19635.802734375,27472552998
2022-10-18,19334.416015625,19550.466796875,19144.76953125,19666.994140625,30580012344
2022-10-19,19139.53515625,19335.02734375,19127.6875,19348.416015625,22425387184
2022-10-20,19053.740234375,19138.0859375,18971.458984375,19315.19921875,24493974420
2022-10-21,19172.46875,19053.203125,18770.970703125,19237.384765625,32459287866
2022-10-22,19208.189453125,19172.380859375,19132.244140625,19248.068359375,16104440957
2022-10-23,19567.0078125,19207.734375,19124.197265625,19646.65234375,22128794335
2022-10-24,19345.572265625,19567.76953125,19206.32421875,19589.125,30202235805
2022-10-25,20095.857421875,19344.96484375,19261.447265625,20348.412109375,47761524910
2022-10-26,20770.44140625,20092.236328125,20076.1171875,20938.134765625,58895950537
2022-10-27,20285.8359375,20772.802734375,20255.373046875,20854.044921875,49625110402
2022-10-28,20595.3515625,20287.95703125,20086.068359375,20724.98046875,43994715910
2022-10-29,20818.4765625,20595.103515625,20566.484375,20988.39453125,40369840645
2022-10-30,20635.603515625,20817.982421875,20547.462890625,20917.005859375,31486345556
2022-10-31,20495.7734375,20633.6953125,20287.458984375,20795.3203125,45668466815
2022-11-01,20485.2734375,20494.8984375,20359.845703125,20647.2890625,39819303159
2022-11-02,20159.50390625,20482.958984375,20087.134765625,20742.810546875,55552169483
2022-11-03,20209.98828125,20162.689453125,20086.240234375,20382.095703125,43228750179
2022-11-04,21147.23046875,20208.76953125,20188.01953125,21209.560546875,64072727950
2022-11-05,21282.69140625,21144.83203125,21097.634765625,21446.88671875,37846047609
2022-11-06,20926.486328125,21285.056640625,20920.19140625,21345.376953125,35082693210
2022-11-07,20602.81640625,20924.62109375,20489.97265625,21053.24609375,53510852236
2022-11-08,18541.271484375,20600.671875,17603.544921875,20664.607421875,118992465607
2022-11-09,15880.7802734375,18543.76171875,15682.6923828125,18590.458984375,102905151606
2022-11-10,17586.771484375,15883.158203125,15834.0185546875,18054.3125,83202283721
2022-11-11,17034.29296875,17583.251953125,16543.482421875,17650.943359375,55871616488
2022-11-12,16799.185546875,17036.875,16651.775390625,17066.67578125,29717699419
2022-11-13,16353.365234375,16799.72265625,16320.634765625,16920.765625,27209183682
2022-11-14,16618.19921875,16352.0283203125,15872.94140625,17109.32421875,49630243054
2022-11-15,16884.61328125,16617.484375,16542.55078125,17051.962890625,36599436183
2022-11-16,16669.439453125,16884.341796875,16430.111328125,16960.294921875,33925512989
2022-11-17,16687.517578125,16670.42578125,16460.68359375,16726.439453125,27868914022
2022-11-18,16697.77734375,16687.912109375,16564.611328125,16947.05859375,26862218609
2022-11-19,16711.546875,16696.220703125,16570.41015625,16797.876953125,16106223492
2022-11-20,16291.83203125,16712.919921875,16248.6923828125,16746.779296875,21313378652
2022-11-21,15787.2841796875,16291.2236328125,15599.046875,16291.2236328125,37429485518
2022-11-22,16189.76953125,15782.30078125,15656.6064453125,16253.0478515625,30726828760
2022-11-23,16610.70703125,16195.5888671875,16170.5029296875,16638.193359375,32958875628
2022-11-24,16604.46484375,16611.63671875,16501.767578125,16771.474609375,26129037414
2022-11-25,16521.841796875,16602.26953125,16388.404296875,16603.31640625,18678255976
2022-11-26,16464.28125,16521.576171875,16416.228515625,16666.86328125,18000008764
2022-11-27,16444.626953125,16463.8828125,16437.025390625,16594.40625,20443898509
2022-11-28,16217.322265625,16440.22265625,16054.5302734375,16482.93359375,27743025156
2022-11-29,16444.982421875,16217.6396484375,16139.396484375,16522.2578125,23581685468
2022-11-30,17168.56640625,16445.4765625,16445.4765625,17190.9375,29523576583
2022-12-01,16967.1328125,17168.001953125,16888.388671875,17197.498046875,22895392882
2022-12-02,17088.66015625,16968.68359375,16877.880859375,17088.66015625,19539705127
2022-12-03,16908.236328125,17090.09765625,16888.140625,17116.041015625,16217776704
2022-12-04,17130.486328125,16908.169921875,16903.439453125,17157.767578125,16824520830
2022-12-05,16974.826171875,17128.89453125,16922.431640625,17378.15234375,22209086834
2022-12-06,17089.50390625,16975.23828125,16939.921875,17091.86328125,19889922369
2022-12-07,16848.126953125,17089.505859375,16750.55859375,17109.376953125,19675404389
2022-12-08,17233.474609375,16847.349609375,16788.783203125,17267.916015625,20496603770
2022-12-09,17133.15234375,17232.1484375,17100.8359375,17280.546875,20328426366
2022-12-10,17128.724609375,17134.220703125,17120.68359375,17216.826171875,12706781969
2022-12-11,17104.193359375,17129.7109375,17091.8203125,17245.634765625,14122486832
2022-12-12,17206.4375,17102.5,16899.39453125,17212.564453125,19617581341
2022-12-13,17781.318359375,17206.44140625,17111.763671875,17930.0859375,26634741631
2022-12-14,17815.650390625,17782.06640625,17739.513671875,18318.53125,25534481470
2022-12-15,17364.865234375,17813.64453125,17322.58984375,17846.744140625,20964448341
2022-12-16,16647.484375,17364.546875,16584.701171875,17505.525390625,24031608960
2022-12-17,16795.091796875,16646.982421875,16614.029296875,16800.58984375,14463581825
2022-12-18,16757.9765625,16795.609375,16697.8203125,16815.38671875,10924354698
2022-12-19,16439.6796875,16759.041015625,16398.13671875,16807.52734375,17221074814
2022-12-20,16906.3046875,16441.787109375,16427.8671875,17012.984375,22722096615
2022-12-21,16817.53515625,16904.52734375,16755.912109375,16916.80078125,14882945045
2022-12-22,16830.341796875,16818.380859375,16592.408203125,16866.673828125,16441573050
2022-12-23,16796.953125,16829.64453125,16794.458984375,16905.21875,15329265213
2022-12-24,16847.755859375,16796.9765625,16793.52734375,16864.703125,9744636213
2022-12-25,16841.986328125,16847.505859375,16755.25390625,16860.5546875,11656379938
2022-12-26,16919.8046875,16842.25,16812.369140625,16920.123046875,11886957804
2022-12-27,16717.173828125,16919.291015625,16642.072265625,16959.845703125,15748580239
2022-12-28,16552.572265625,16716.400390625,16497.556640625,16768.169921875,17005713920
2022-12-29,16642.341796875,16552.322265625,16508.68359375,16651.755859375,14472237479
2022-12-30,16602.5859375,16641.330078125,16408.474609375,16643.427734375,15929162910
2022-12-31,16547.49609375,16603.673828125,16517.51953125,16628.986328125,11239186456
2023-01-01,16625.080078125,16547.9140625,16521.234375,16630.439453125,9244361700
2023-01-02,16688.470703125,16625.509765625,16572.228515625,16759.34375,12097775227
2023-01-03,16679.857421875,16688.84765625,16622.37109375,16760.447265625,13903079207
2023-01-04,16863.23828125,16680.205078125,16667.763671875,16964.5859375,18421743322
2023-01-05,16836.736328125,16863.47265625,16790.283203125,16884.021484375,13692758566
2023-01-06,16951.96875,16836.47265625,16716.421875,16991.994140625,14413662913
2023-01-07,16955.078125,16952.1171875,16914.19140625,16975.017578125,7714767174
2023-01-08,17091.14453125,16954.146484375,16924.05078125,17091.14453125,9768827914
2023-01-09,17196.5546875,17093.9921875,17093.9921875,17389.95703125,18624736866
2023-01-10,17446.29296875,17192.94921875,17162.990234375,17484.720703125,15808338949
2023-01-11,17934.896484375,17446.359375,17337.994140625,17934.896484375,18372283782
2023-01-12,18869.587890625,18117.59375,17995.203125,19030.087890625,34971338710
2023-01-13,19909.57421875,18868.90625,18753.1640625,19964.322265625,29225029694
2023-01-14,20976.298828125,19910.537109375,19907.828125,21075.142578125,38967784639
2023-01-15,20880.798828125,20977.484375,20606.986328125,20993.748046875,19298407543
2023-01-16,21169.6328125,20882.224609375,20715.74609375,21360.875,26792494050
2023-01-17,21161.51953125,21175.833984375,20978.533203125,21438.66015625,24999983362
2023-01-18,20688.78125,21161.05078125,20541.544921875,21564.501953125,30005625418
2023-01-19,21086.79296875,20686.74609375,20685.380859375,21163.01171875,21152848261
2023-01-20,22676.552734375,21085.373046875,20919.126953125,22692.357421875,28799154319
2023-01-21,22777.625,22677.427734375,22511.833984375,23282.34765625,32442278429
2023-01-22,22720.416015625,22777.986328125,22387.900390625,23056.73046875,24746386230
2023-01-23,22934.431640625,22721.087890625,22654.3046875,23126.486328125,26518700512
2023-01-24,22636.46875,22929.626953125,22549.744140625,23134.01171875,26405069715
2023-01-25,23117.859375,22639.267578125,22406.076171875,23722.099609375,30685366709
2023-01-26,23032.77734375,23108.955078125,22911.373046875,23237.078125,26357839322
2023-01-27,23078.728515625,23030.716796875,22654.59375,23417.720703125,25383335641
2023-01-28,23031.08984375,23079.96484375,22908.845703125,23165.896484375,14712928379
2023-01-29,23774.56640625,23031.44921875,22985.0703125,23919.890625,27423687259
2023-01-30,22840.138671875,23774.6484375,22657.58203125,23789.34765625,27205595568
2023-01-31,23139.283203125,22840.796875,22765.568359375,23225.021484375,22837828665
2023-02-01,23723.76953125,23137.8359375,22877.75,23764.5390625,26683255504
2023-02-02,23471.87109375,23720.82421875,23468.595703125,24167.2109375,32066936882
2023-02-03,23449.322265625,23469.412109375,23279.955078125,23678.103515625,27083066007
2023-02-04,23331.84765625,23446.3203125,23291.794921875,23556.94921875,15639298538
2023-02-05,22955.666015625,23332.248046875,22841.759765625,23423.435546875,19564262605
2023-02-06,22760.109375,22954.021484375,22692.025390625,23119.279296875,23825006542
2023-02-07,23264.291015625,22757.267578125,22756.2578125,23310.974609375,27187964471
2023-02-08,22939.3984375,23263.416015625,22731.09765625,23367.958984375,25371367758
2023-02-09,21819.0390625,22946.56640625,21773.974609375,22996.4375,32572572185
2023-02-10,21651.18359375,21819.005859375,21539.392578125,21941.185546875,27078406594
2023-02-11,21870.875,21651.841796875,21618.44921875,21891.41015625,16356226232
2023-02-12,21788.203125,21870.90234375,21682.828125,22060.994140625,17821046406
2023-02-13,21808.1015625,21787.0,21460.087890625,21898.4140625,23918742607
2023-02-14,22220.8046875,21801.822265625,21632.39453125,22293.140625,26792596581
2023-02-15,24307.841796875,22220.5859375,22082.76953125,24307.841796875,32483312909
2023-02-16,23623.474609375,24307.349609375,23602.5234375,25134.1171875,39316664596
2023-02-17,24565.6015625,23621.283203125,23460.755859375,24924.041015625,41358451255
2023-02-18,24641.27734375,24565.296875,24468.373046875,24798.8359375,19625427158
2023-02-19,24327.642578125,24640.02734375,24327.642578125,25093.0546875,25555105670
2023-02-20,24829.1484375,24336.623046875,23927.91015625,25020.458984375,28987376573
2023-02-21,24436.353515625,24833.048828125,24200.36328125,25126.8515625,31252098714
2023-02-22,24188.84375,24437.41796875,23644.318359375,24472.33984375,30199996781
2023-02-23,23947.4921875,24190.71875,23693.919921875,24572.08984375,30476264066
2023-02-24,23198.126953125,23946.0078125,23007.072265625,24103.705078125,26811744928
2023-02-25,23175.375,23200.125,22861.55859375,23210.2109375,16100721565
2023-02-26,23561.212890625,23174.150390625,23084.220703125,23654.3671875,16644534842
2023-02-27,23522.87109375,23561.451171875,23205.87890625,23857.890625,22660763494
2023-02-28,23147.353515625,23521.837890625,23077.650390625,23585.384765625,20535363434
2023-03-01,23646.55078125,23150.9296875,23088.626953125,23880.6328125,24662841200
2023-03-02,23475.466796875,23647.01953125,23245.021484375,23739.138671875,20386398516
2023-03-03,22362.6796875,23476.6328125,22213.23828125,23479.34765625,26062404610
2023-03-04,22353.349609375,22362.923828125,22198.98046875,22405.177734375,11166012913
2023-03-05,22435.513671875,22354.14453125,22307.142578125,22613.685546875,13317001733
2023-03-06,22429.7578125,22436.81640625,22331.314453125,22584.29296875,17353192895
2023-03-07,22219.76953125,22428.322265625,22011.26171875,22527.41796875,22765452204
2023-03-08,21718.080078125,22216.44140625,21708.05078125,22268.896484375,22536575684
2023-03-09,20363.021484375,21720.080078125,20210.306640625,21802.716796875,30364664171
2023-03-10,20187.244140625,20367.001953125,19628.25390625,20370.595703125,39578257695
2023-03-11,20632.41015625,20187.876953125,20068.66015625,20792.525390625,30180288176
2023-03-12,22163.94921875,20628.029296875,20448.806640625,22185.03125,29279035521
2023-03-13,24197.533203125,22156.40625,21918.19921875,24550.837890625,49466362688
2023-03-14,24746.07421875,24201.765625,24081.18359375,26514.716796875,54622230164
2023-03-15,24375.9609375,24770.92578125,23964.91015625,25240.615234375,43655701450
2023-03-16,25052.7890625,24373.45703125,24225.111328125,25190.326171875,33866061747
2023-03-17,27423.9296875,25055.123046875,24955.169921875,27787.8125,50730261335
2023-03-18,26965.87890625,27448.1171875,26636.26171875,27725.953125,35723036817
2023-03-19,28038.67578125,26969.50390625,26907.716796875,28440.560546875,37769448859
2023-03-20,27767.236328125,28041.6015625,27242.880859375,28527.724609375,44774027664
2023-03-21,28175.81640625,27768.392578125,27439.646484375,28439.5625,36102192830
2023-03-22,27307.4375,28158.720703125,26759.99609375,28803.3359375,33382021890
2023-03-23,28333.97265625,27301.95703125,27183.36328125,28729.84375,24220433689
2023-03-24,27493.28515625,28324.111328125,27039.265625,28388.4375,25980310960
2023-03-25,27494.70703125,27487.337890625,27196.234375,27791.826171875,13383005987
2023-03-26,27994.330078125,27495.5234375,27445.046875,28178.14453125,13878363192
2023-03-27,27139.888671875,27994.068359375,26606.689453125,28037.92578125,18188895178
2023-03-28,27268.130859375,27132.888671875,26677.818359375,27460.71875,17783600385
2023-03-29,28348.44140625,27267.03125,27259.662109375,28619.54296875,20684945906
2023-03-30,28033.5625,28350.140625,27720.16015625,29159.90234375,22435349951
2023-03-31,28478.484375,28032.26171875,27583.71484375,28639.896484375,19001327598
2023-04-01,28411.03515625,28473.33203125,28297.171875,28802.45703125,10876469901
2023-04-02,28199.30859375,28462.845703125,27884.087890625,28518.958984375,12284641999
2023-04-03,27790.220703125,28183.080078125,27276.720703125,28475.623046875,19556501327
2023-04-04,28168.08984375,27795.2734375,27681.3046875,28433.7421875,15284538859
2023-04-05,28177.984375,28169.7265625,27843.763671875,28739.23828125,17052315986
2023-04-06,28044.140625,28175.2265625,27738.759765625,28178.384765625,13837809380
2023-04-07,27925.859375,28038.966796875,27794.03125,28111.59375,10861680497
2023-04-08,27947.794921875,27920.513671875,27883.38671875,28159.86328125,9373255556
2023-04-09,28333.05078125,27952.3671875,27828.48046875,28532.830078125,12175322951
2023-04-10,29652.98046875,28336.02734375,28189.271484375,29771.46484375,19282400094
2023-04-11,30235.05859375,29653.6796875,29609.30078125,30509.083984375,20121259843
2023-04-12,30139.052734375,30231.58203125,29725.57421875,30462.48046875,18651929926
2023-04-13,30399.06640625,29892.740234375,29878.623046875,30539.845703125,17487721001
2023-04-14,30485.69921875,30409.5625,30044.498046875,31005.607421875,22659995079
2023-04-15,30318.49609375,30490.75,30245.8828125,30601.740234375,11940685378
2023-04-16,30315.35546875,30315.9765625,30157.83203125,30555.537109375,12854816417
2023-04-17,29445.044921875,30317.146484375,29275.37109375,30319.197265625,17872186762
2023-04-18,30397.552734375,29449.091796875,29154.849609375,30470.302734375,19480529496
2023-04-19,28822.6796875,30394.1875,28669.8984375,30411.0546875,24571565421
2023-04-20,28245.98828125,28823.68359375,28037.2578125,29076.400390625,21340360360
2023-04-21,27276.91015625,28249.23046875,27177.365234375,28349.96875,20759504330
2023-04-22,27817.5,27265.89453125,27169.5703125,27872.142578125,13125734602
2023-04-23,27591.384765625,27816.14453125,27400.314453125,27820.244140625,12785446832
2023-04-24,27525.33984375,27591.73046875,27070.849609375,27979.982421875,17703288330
2023-04-25,28307.59765625,27514.873046875,27207.931640625,28371.078125,17733373139
2023-04-26,28422.701171875,28300.05859375,27324.548828125,29995.837890625,31854242019
2023-04-27,29473.787109375,28428.46484375,28402.88671875,29871.546875,27153445027
2023-04-28,29340.26171875,29481.013671875,28929.609375,29572.791015625,17544464887
2023-04-29,29248.48828125,29336.56640625,29088.04296875,29452.455078125,10662634333
2023-04-30,29268.806640625,29245.515625,29114.021484375,29952.029296875,14652199272
2023-05-01,28091.568359375,29227.103515625,27680.79296875,29329.935546875,18655599976
2023-05-02,28680.537109375,28087.17578125,27924.123046875,28881.298828125,16432924527
2023-05-03,29006.30859375,28680.494140625,28178.388671875,29259.533203125,19122972518
2023-05-04,28847.7109375,29031.3046875,28694.0390625,29353.185546875,15548678514
2023-05-05,29534.384765625,28851.48046875,28845.509765625,29668.908203125,17936566518
2023-05-06,28904.623046875,29538.859375,28468.966796875,29820.126953125,15913866714
2023-05-07,28454.978515625,28901.623046875,28441.3671875,29157.517578125,11301355486
2023-05-08,27694.2734375,28450.45703125,27310.134765625,28663.271484375,19122903752
2023-05-09,27658.775390625,27695.068359375,27375.6015625,27821.400390625,14128593256
2023-05-10,27621.755859375,27654.63671875,26883.669921875,28322.6875,20656025026
2023-05-11,27000.7890625,27621.0859375,26781.826171875,27621.94140625,16724343943
2023-05-12,26804.990234375,26987.662109375,25878.4296875,27055.646484375,19313599897
2023-05-13,26784.078125,26807.76953125,26710.873046875,27030.482421875,9999171605
2023-05-14,26930.638671875,26788.974609375,26661.35546875,27150.9765625,10014858959
2023-05-15,27192.693359375,26931.384765625,26766.09765625,27646.34765625,14413231792
2023-05-16,27036.650390625,27171.513671875,26878.947265625,27299.3046875,12732238816
2023-05-17,27398.802734375,27035.470703125,26600.14453125,27465.927734375,15140006925
2023-05-18,26832.208984375,27401.650390625,26415.1015625,27466.52734375,15222938600
2023-05-19,26890.12890625,26826.75390625,26700.2109375,27128.619140625,11258983301
2023-05-20,27129.5859375,26888.841796875,26843.27734375,27155.158203125,7044911360
2023-05-21,26753.826171875,27118.423828125,26706.921875,27265.91796875,8647416921
2023-05-22,26851.27734375,26749.892578125,26549.734375,27045.734375,11056770492
2023-05-23,27225.7265625,26855.9609375,26816.1796875,27434.68359375,13697203143
2023-05-24,26334.818359375,27224.603515625,26106.576171875,27224.603515625,16299104428
2023-05-25,26476.20703125,26329.4609375,25890.59375,26591.51953125,13851122697
2023-05-26,26719.291015625,26474.181640625,26343.94921875,26916.669921875,12711619225
2023-05-27,26868.353515625,26720.181640625,26621.140625,26888.8828125,7892015141
2023-05-28,28085.646484375,26871.158203125,26802.751953125,28193.44921875,14545229578
2023-05-29,27745.884765625,28075.591796875,27563.876953125,28432.0390625,15181308984
2023-05-30,27702.349609375,27745.123046875,27588.501953125,28044.759765625,13251081851
2023-05-31,27219.658203125,27700.529296875,26866.453125,27831.677734375,15656371534
2023-06-01,26819.97265625,27218.412109375,26671.720703125,27346.10546875,14678970415
2023-06-02,27249.58984375,26824.556640625,26574.64453125,27303.861328125,14837415000
2023-06-03,27075.12890625,27252.32421875,26958.00390625,27317.052734375,8385597470
2023-06-04,27119.06640625,27075.123046875,26968.224609375,27407.01953125,9360912318
2023-06-05,25760.09765625,27123.109375,25445.16796875,27129.982421875,21513292646
2023-06-06,27238.783203125,25732.109375,25434.8671875,27313.8203125,21929670693
2023-06-07,26345.998046875,27235.650390625,26146.98828125,27332.181640625,19530045082
2023-06-08,26508.216796875,26347.654296875,26246.6640625,26797.513671875,11904824295
2023-06-09,26480.375,26505.923828125,26339.314453125,26770.2890625,11015551640
2023-06-10,25851.240234375,26481.76171875,25501.8359375,26531.044921875,19872933189
2023-06-11,25940.16796875,25854.03125,25668.986328125,26203.439453125,10732609603
2023-06-12,25902.5,25934.28515625,25675.197265625,26087.919921875,11677889997
2023-06-13,25918.728515625,25902.94140625,25728.365234375,26376.3515625,14143474486
2023-06-14,25124.67578125,25920.2578125,24902.15234375,26041.80078125,14265717766
2023-06-15,25576.39453125,25121.673828125,24797.16796875,25735.30859375,15837384409
2023-06-16,26327.462890625,25575.283203125,25245.357421875,26463.173828125,16324646965
2023-06-17,26510.67578125,26328.6796875,26174.4921875,26769.39453125,11090276850
2023-06-18,26336.212890625,26510.45703125,26325.890625,26675.92578125,9565695129
2023-06-19,26851.029296875,26335.44140625,26312.83203125,26984.611328125,12826986222
2023-06-20,28327.48828125,26841.6640625,26668.791015625,28388.96875,22211859147
2023-06-21,30027.296875,28311.310546875,28283.41015625,30737.330078125,33346760979
2023-06-22,29912.28125,29995.935546875,29679.158203125,30495.998046875,20653160491
2023-06-23,30695.46875,29896.3828125,29845.21484375,31389.5390625,24115570085
2023-06-24,30548.6953125,30708.73828125,30290.146484375,30804.1484375,12147822496
2023-06-25,30480.26171875,30545.150390625,30327.943359375,31041.271484375,12703464114
2023-06-26,30271.130859375,30480.5234375,29955.744140625,30636.029296875,16493186997
2023-06-27,30688.1640625,30274.3203125,30236.650390625,31006.787109375,16428827944
2023-06-28,30086.24609375,30696.560546875,29921.822265625,30703.279296875,14571500779
2023-06-29,30445.3515625,30086.1875,30057.203125,30796.25,13180860821
2023-06-30,30477.251953125,30441.353515625,29600.275390625,31256.86328125,26387306197
2023-07-01,30590.078125,30471.84765625,30328.865234375,30641.2890625,9086606733
2023-07-02,30620.76953125,30587.26953125,30264.01953125,30766.140625,10533418042
2023-07-03,31156.439453125,30624.515625,30586.513671875,31375.61328125,15271884873
2023-07-04,30777.58203125,31156.865234375,30659.35546875,31325.197265625,12810828427
2023-07-05,30514.166015625,30778.724609375,30225.61328125,30877.330078125,12481622280
2023-07-06,29909.337890625,30507.150390625,29892.2265625,31460.052734375,21129219509
2023-07-07,30342.265625,29907.998046875,29777.28515625,30434.64453125,13384770155
2023-07-08,30292.541015625,30346.921875,30080.16015625,30374.4375,7509378699
2023-07-09,30171.234375,30291.611328125,30085.591796875,30427.58984375,7903327692
2023-07-10,30414.470703125,30172.423828125,29985.39453125,31026.083984375,14828209155
2023-07-11,30620.951171875,30417.6328125,30358.09765625,30788.314453125,12151839152
2023-07-12,30391.646484375,30622.24609375,30228.8359375,30959.96484375,14805659717
2023-07-13,31476.048828125,30387.48828125,30268.3515625,31814.515625,23686079548
2023-07-14,30334.068359375,31474.720703125,29966.38671875,31582.25390625,20917902660
2023-07-15,30295.806640625,30331.783203125,30263.462890625,30407.78125,8011667756
2023-07-16,30249.1328125,30297.47265625,30089.669921875,30437.560546875,8516564470
2023-07-17,30145.888671875,30249.626953125,29685.783203125,30336.400390625,13240156074
2023-07-18,29856.5625,30147.0703125,29556.427734375,30233.65625,13138897269
2023-07-19,29913.923828125,29862.046875,29794.26953125,30184.181640625,12128602812
2023-07-20,29792.015625,29915.25,29638.095703125,30195.53125,14655207121
2023-07-21,29908.744140625,29805.111328125,29733.8515625,30045.998046875,10972789818
2023-07-22,29771.802734375,29908.697265625,29664.12109375,29991.615234375,7873300598
2023-07-23,30084.5390625,29790.111328125,29741.52734375,30330.640625,9220145050
2023-07-24,29176.916015625,30081.662109375,28934.294921875,30093.39453125,15395817395
2023-07-25,29227.390625,29178.970703125,29062.43359375,29353.16015625,10266772793
2023-07-26,29354.97265625,29225.759765625,29113.912109375,29675.552734375,13497554655
2023-07-27,29210.689453125,29353.798828125,29099.3515625,29560.966796875,10770779217
2023-07-28,29319.24609375,29212.1640625,29125.845703125,29521.513671875,11218474952
2023-07-29,29356.91796875,29319.4453125,29264.166015625,29396.84375,6481775959
2023-07-30,29275.30859375,29357.09375,29059.501953125,29443.169921875,8678454527
2023-07-31,29230.111328125,29278.314453125,29131.578125,29489.873046875,11656781982
2023-08-01,29675.732421875,29230.873046875,28657.0234375,29675.732421875,18272392391
2023-08-02,29151.958984375,29704.146484375,28946.509765625,29987.998046875,19212655598
2023-08-03,29178.6796875,29161.8125,28959.48828125,29375.70703125,12780357746
2023-08-04,29074.091796875,29174.3828125,28885.3359375,29302.078125,12036639988
2023-08-05,29042.126953125,29075.388671875,28957.796875,29102.46484375,6598366353
2023-08-06,29041.85546875,29043.701171875,28963.833984375,29160.822265625,7269806994
2023-08-07,29180.578125,29038.513671875,28724.140625,29244.28125,13618163710
2023-08-08,29765.4921875,29180.01953125,29113.814453125,30176.796875,17570561357
2023-08-09,29561.494140625,29766.6953125,29376.80078125,30093.435546875,18379521213
2023-08-10,29429.591796875,29563.97265625,29354.447265625,29688.564453125,11865344789
2023-08-11,29397.71484375,29424.90234375,29253.517578125,29517.7734375,10195168197
2023-08-12,29415.96484375,29399.787109375,29357.587890625,29465.11328125,6194358008
2023-08-13,29282.9140625,29416.59375,29265.806640625,29441.43359375,7329897180
2023-08-14,29408.443359375,29283.263671875,29124.10546875,29660.25390625,14013695304
2023-08-15,29170.34765625,29408.048828125,29088.853515625,29439.12109375,12640195779
2023-08-16,28701.779296875,29169.07421875,28701.779296875,29221.9765625,14949271904
2023-08-17,26664.55078125,28699.802734375,25409.111328125,28745.947265625,31120851211
2023-08-18,26049.556640625,26636.078125,25668.921875,26808.1953125,24026236529
2023-08-19,26096.205078125,26047.83203125,25802.408203125,26249.44921875,10631443812
2023-08-20,26189.583984375,26096.861328125,26004.314453125,26260.681640625,9036580420
2023-08-21,26124.140625,26188.69140625,25846.087890625,26220.201171875,13371557893
2023-08-22,26056.466796875,26134.029296875,26005.837890625,26134.029296875,12649846784
